"area_fips","own_code","industry_code","agglvl_code","size_code","year","qtr","disclosure_code","qtrly_estabs","month1_emplvl","month2_emplvl","month3_emplvl","total_qtrly_wages","taxable_qtrly_wages","qtrly_contributions","avg_wkly_wage","lq_disclosure_code","lq_qtrly_estabs","lq_month1_emplvl","lq_month2_emplvl","lq_month3_emplvl","lq_total_qtrly_wages","lq_taxable_qtrly_wages","lq_qtrly_contributions","lq_avg_wkly_wage","oty_disclosure_code","oty_qtrly_estabs_chg","oty_qtrly_estabs_pct_chg","oty_month1_emplvl_chg","oty_month1_emplvl_pct_chg","oty_month2_emplvl_chg","oty_month2_emplvl_pct_chg","oty_month3_emplvl_chg","oty_month3_emplvl_pct_chg","oty_total_qtrly_wages_chg","oty_total_qtrly_wages_pct_chg","oty_taxable_qtrly_wages_chg","oty_taxable_qtrly_wages_pct_chg","oty_qtrly_contributions_chg","oty_qtrly_contributions_pct_chg","oty_avg_wkly_wage_chg","oty_avg_wkly_wage_pct_chg"
"13121","0","10","70","0","2025","1","",78045,940836,946348,945911,28036039313,6840983900,74887936,2284,"",1.00,1.00,1.00,1.00,1.00,1.00,1.00,1.00,"",8201,11.7,7719,0.8,8208,0.9,4329,0.5,1078645162,4.0,-47955650,-0.7,-746355,-1.0,72,3.3
"13121","5","1011","73","0","2025","1","",114,705,711,720,26889291,8294034,60041,2905,"",0.12,0.07,0.07,0.07,0.09,0.08,0.05,1.23,"",10,9.6,20,2.9,24,3.5,36,5.3,4463828,19.9,512263,6.6,-27705,-31.6,388,15.4
"13121","5","1012","73","0","2025","1","",3290,23243,23707,24252,719371431,229470621,2627349,2332,"",0.54,0.48,0.49,0.49,0.51,0.45,0.31,1.04,"",477,17.0,628,2.8,772,3.4,688,2.9,86065269,13.6,10522211,4.8,-7911,-0.3,217,10.3
"13121","5","1013","73","0","2025","1","",2001,27261,27383,27421,820728450,259576431,2810824,2308,"",0.77,0.35,0.35,0.36,0.32,0.32,0.33,0.89,"",310,18.3,-553,-2.0,-588,-2.1,-680,-2.4,50023903,6.5,-4086469,-1.5,284137,11.2,188,8.9
"13121","5","1021","73","0","2025","1","",9486,149260,147306,146750,3086139456,1171903273,11734621,1606,"",0.72,0.85,0.84,0.84,0.74,0.80,0.85,0.87,"",595,6.7,-3249,-2.1,-3376,-2.2,-2977,-2.0,-18476899,-0.6,-18791384,-1.6,-1289508,-9.9,24,1.5
"13121","5","1022","73","0","2025","1","",2757,53391,55874,55667,2930390989,543967643,5835617,4100,"",1.44,3.06,3.17,3.19,2.25,2.30,1.90,0.72,"",386,16.3,-1634,-3.0,-3599,-6.1,-4572,-7.6,11513661,0.4,-32758925,-5.7,-1093262,-15.8,245,6.4
"13121","5","1023","73","0","2025","1","",8978,90100,90321,90206,4913685577,921856139,8874119,4190,"",1.29,1.70,1.70,1.70,1.46,1.55,1.41,0.86,"",942,11.7,1354,1.5,1767,2.0,1716,1.9,341819613,7.5,-5678025,-0.6,95705,1.1,221,5.6
"13121","5","1024","73","0","2025","1","",23279,228512,229075,227858,8920501446,2164346241,26254335,3003,"",1.42,1.69,1.68,1.68,1.59,1.52,1.54,0.94,"",3375,17.0,-960,-0.4,-549,-0.2,-1486,-0.6,128154230,1.5,-32898615,-1.5,-428992,-1.6,56,1.9
"13121","5","1025","73","0","2025","1","",8312,132527,134081,133963,2717398675,650981172,6484374,1565,"",0.58,0.84,0.84,0.84,0.73,0.81,0.82,0.87,"",945,12.8,5239,4.1,5273,4.1,4648,3.6,203070398,8.1,24388083,3.9,769337,13.5,60,4.0
"13121","5","1026","73","0","2025","1","",5789,97037,97799,99247,1001288381,609737447,7000460,786,"",0.91,0.99,0.99,0.99,0.85,1.07,1.25,0.86,"",311,5.7,-819,-0.8,972,1.0,452,0.5,25481451,2.6,-4448727,-0.7,568555,8.8,19,2.5
"13121","5","1027","73","0","2025","1","",4730,25474,25836,25745,385391054,175584808,2046743,1154,"",0.83,0.91,0.91,0.91,0.71,0.86,0.96,0.78,"",360,8.2,865,3.5,1271,5.2,1001,4.0,-4068640,-1.0,945051,0.5,186673,10.0,-62,-5.1
"13121","5","1029","73","0","2025","1","",8758,3928,4107,4227,107856309,37900452,940477,2030,"",5.96,3.60,3.67,3.78,3.40,3.42,5.11,0.92,"",498,6.0,819,26.3,829,25.3,830,24.4,34646312,47.3,9166933,31.9,235912,33.5,303,17.5
